answers,percentage
Yes,78.96995708
No,21.03004292