answers,percentage
Yes,91.87279152
No,8.127208481