answers,percentage
0 - Mostly me,3.395061728
1,12.34567901
2,13.58024691
3,17.90123457
4,24.07407407
5 - Mostly other people,28.7037037