answers,percentage
18 to 24 years,1.76056338
25 to 34 years,34.15492958
35 to 44 years,41.90140845
45 to 54 years,16.90140845
55 to 64 years,5.281690141