answers,percentage
Male,84.6975089
Female,14.94661922
Other,0.355871886