answers,RSEs,Research community
Female,14.94661922,44.98701692
Male,84.6975089,55.01298308
Other,0.355871886,0