answers,percentage
Yes,69.93464052
No,30.06535948