answers,percentage
Yes,25.81699346
No,74.18300654