answers,percentage
1,45.90163934
2,29.18032787
3,11.80327869
4,3.606557377
5+,9.508196721