answers,percentage
Linux,61.18881119
OS X,24.47552448
Windows,13.63636364
Other,0.699300699