answers,percentage
Python,98.0237154
Unix Shell Scripting,72.3320158
Markup languages,57.312253
C++,49.8023715
C,45.8498024
JavaScript,43.083004
SQL,39.9209486
FORTRAN,39.5256917
Java,36.3636364
R,31.2252964