answers,percentage
Yes,64.37908497
No,35.62091503